year,total_births,top30_male_share,top30_female_share,top5_male_names,top5_male_counts,top5_female_names,top5_female_counts,source_url,notes
2024,369944,42.94,36.31,Leonardo;Edoardo;Tommaso;Mattia;Alessandro,6580;5819;4389;4233;4201,Sofia;Aurora;Ginevra;Vittoria;Giulia,4636;4265;4153;3893;3397,https://www.istat.it/wp-content/uploads/2025/10/Natalita-e-fecondita-della-popolazione-residente_Anno-2024.pdf,"Primary ISTAT PDF read directly (12pp). PDF does NOT contain a top-30 concentration sentence for this year (confirmed absent by full read) - only a top-5 bar chart (Figura 4) with approximate counts read off axis (~6600/5800/4400/4200/4200 male; ~4700/4300/4200/3900/3400 female). top30 share and exact top5 counts here are from nomix.it/top-30-nomi-per-bambini-italia-2024.php (secondary site, explicitly cites 'Fonte: ISTAT, Ottobre 2025'); nomix exact counts cross-validated against the PDF bar-chart reading and match closely. total_births confirmed exact in PDF."
2023,379890,43.772,36.84,Leonardo;Edoardo;Tommaso;Francesco;Alessandro,7096;5603;4687;4534;4383,Sofia;Aurora;Ginevra;Vittoria;Giulia,4971;4648;4274;4194;3732,https://www.istat.it/wp-content/uploads/2024/10/Natalita-in-Italia-Anno-2023.pdf,"Primary ISTAT PDF downloaded to raw/ but top30%/top5-counts not individually re-verified by full manual read (time budget); total_births cross-confirmed against 2024 report's historical indicator table (matches exactly: 379.890). top30% and top5 counts from nomix.it (secondary, cites 'Fonte: ISTAT, Ottobre 2024')."
2022,393333,43.82,37.37,Leonardo;Francesco;Tommaso;Edoardo;Alessandro,7888;4823;4795;4748;4729,Sofia;Aurora;Giulia;Ginevra;Vittoria,5465;4900;4198;3846;3814,https://www.istat.it/it/files/2023/10/Report-natalita-26-ottobre-2023.pdf,"Primary ISTAT PDF text directly quotes: 'la distribuzione del numero di nati secondo il nome rivela un'elevata concentrazione intorno ai primi 30 in ordine di frequenza, che complessivamente coprono quasi il 44% ... e quasi il 38%' (prose confirms ~44%/~38%, consistent with nomix.it's more precise 43.82%/37.37%). Also has Figura 6 bar chart of top-5 names (approx counts). Exact top5 counts here from nomix.it (ISTAT-sourced), consistent with the report's approx bar chart."
2021,400249,44.04,37.84,Leonardo;Alessandro;Tommaso;Francesco;Lorenzo,8448;4975;4973;4924;4642,Sofia;Aurora;Giulia;Ginevra;Beatrice,5578;4991;4616;3803;3647,https://www.istat.it/it/files/2022/12/report-natalita-2021.pdf,"Primary ISTAT PDF downloaded; total_births confirmed exact (400.249) via 2024 report's historical table. top30% and exact top5 counts from nomix.it (cites 'Fonte: ISTAT, Dicembre 2022'); not individually re-verified against the raw PDF's own prose/chart by full manual read."
2020,404892,44.05,37.63,Leonardo;Francesco;Alessandro;Lorenzo;Mattia,8604;5422;5009;4841;4711,Sofia;Giulia;Aurora;Ginevra;Alice,5604;5012;4987;3657;3333,https://www.istat.it/it/files/2021/12/REPORT-NATALITA-2020.pdf,"Primary ISTAT PDF read directly in full (9pp). PDF explicitly states: 'la distribuzione del numero di nati secondo il nome rivela un'elevata concentrazione intorno ai primi 30 in ordine di frequenza, che complessivamente coprono oltre il 44% di tutti i nomi attribuiti ai maschi e quasi il 38% di quelli delle femmine' - matches nomix.it's 44.05%/37.63% almost exactly. IMPORTANT: this report year has NO bar chart / no absolute counts anywhere for names, only prose ranking - exact top5 counts are only available via nomix.it (ISTAT-sourced secondary compilation, cites 'Fonte: ISTAT, Dicembre 2021'). total_births confirmed exact in PDF (404.892)."
2019,420084,44.28,38.47,Leonardo;Francesco;Lorenzo;Alessandro;Andrea,7786;5946;5264;5229;4715,Sofia;Aurora;Giulia;Ginevra;Alice,5851;5467;5356;3721;3658,https://www.istat.it/it/files/2020/12/REPORT-NATALITA-2019.pdf,"Primary ISTAT PDF downloaded; total_births confirmed exact (420.084, matches 2024 report historical table). top30% and top5 exact counts from nomix.it (cites 'Fonte: ISTAT, Dicembre 2020'); not individually re-verified against raw PDF text by full manual read."
2018,439747,44.63,38.52,Leonardo;Francesco;Alessandro;Lorenzo;Mattia,7690;6519;5660;5566;5474,Sofia;Giulia;Aurora;Alice;Ginevra,6400;5917;5862;3741;3688,https://www.istat.it/it/files/2019/11/Report_natalit%C3%A0_anno2018_def.pdf,"Primary ISTAT PDF downloaded; total_births confirmed exact (439.747, matches 2024 report historical table). top30% and top5 exact counts from nomix.it (cites 'Fonte: ISTAT, Novembre 2019'); not individually re-verified against raw PDF text by full manual read."
2017,458151,44.77,38.64,Francesco;Leonardo;Alessandro;Lorenzo;Mattia,7209;6622;5987;5789;5715,Sofia;Giulia;Aurora;Alice;Ginevra,7173;6143;5808;3691;3564,https://www.istat.it/it/files/2018/11/Report_Natalita_fecondita.pdf,"Primary ISTAT PDF downloaded; total_births 458.151 corroborated by web search of ISTAT press release ('over 15 thousand fewer than 2016'). top30% and top5 exact counts from nomix.it (cites 'Fonte: ISTAT, Novembre 2018'); not individually re-verified against raw PDF text by full manual read."
2016,473438,45.35,39.05,Francesco;Alessandro;Leonardo;Lorenzo;Mattia,7850;6664;6505;6331;5917,Sofia;Aurora;Giulia;Emma;Giorgia,7616;6466;6093;3814;3651,https://www.istat.it/it/files/2017/11/Report-Nascite-e-fecondit%C3%A0.pdf,"Primary ISTAT PDF downloaded; total_births 473.438 corroborated by web search of ISTAT press release ('almost 12,000 fewer than 2015'). top30% and top5 exact counts from nomix.it (cites 'Fonte: ISTAT, Novembre 2017'); not individually re-verified against raw PDF text by full manual read."
2015,485780,46.15,39.32,Francesco;Alessandro;Mattia;Lorenzo;Leonardo,8763;6708;6402;6389;6144,Sofia;Aurora;Giulia;Giorgia;Alice,7191;6687;6222;4099;3845,https://www.istat.it/wp-content/uploads/2016/11/Statistica-report-Nati.pdf,"Primary ISTAT PDF downloaded (21pp, 'Statistica-report-Nati.pdf' = anno 2015 report, published 28 Nov 2016). total_births 485.780 corroborated by web search. top30% and top5 exact counts from nomix.it (cites 'Fonte: ISTAT, Novembre 2016'); not individually re-verified against raw PDF text by full manual read."
2014,502596,47,39.84,Francesco;Alessandro;Lorenzo;Andrea;Leonardo,10316;6940;6665;6270;6079,Sofia;Giulia;Aurora;Giorgia;Martina,7353;6729;5709;4502;4268,https://www.istat.it/it/files/2015/11/Natalit%C3%A0_fecondita_2014.pdf,"Primary ISTAT PDF downloaded; total_births confirmed exact (502.596, matches multiple independent sources). top30% and top5 exact counts from nomix.it (cites 'Fonte: ISTAT, Novembre 2015'); not individually re-verified against raw PDF text by full manual read."
2013,514308,47.52,40.16,Francesco;Alessandro;Andrea;Lorenzo;Mattia,10553;7235;6777;6747;6289,Sofia;Giulia;Aurora;Emma;Giorgia,7987;7313;4772;4538;4536,https://www.istat.it/wp-content/uploads/2014/11/natalit%C3%A02013.pdf,"Primary ISTAT PDF downloaded (anno 2013 report, published 27 Nov 2014). total_births confirmed exact (514.308, also appears in 2024 report's related discussion). top30% figures: nomix page states 'I primi 30 nomi corrispondono al 47,52% del totale dei nomi scelti per tutti i bimbi italiani' (word 'maschi' likely omitted by typo on source page) 'e al 40,16% per le bimbe'. Exact top5 counts from nomix.it (cites 'Fonte: ISTAT, Novembre 2014'); not individually re-verified against raw PDF text by full manual read."
2012,534186,47,40,Francesco;Alessandro;Andrea;Lorenzo;Matteo,7978;7925;7674;7281;6750,Sofia;Giulia;Giorgia;Martina;Emma,8266;8194;5326;5157;4971,https://www.istat.it/it/files/2013/11/statisticareportnati2012.pdf,"Primary ISTAT PDF downloaded; total_births confirmed exact (534.186). top30% (rounded to whole percent on secondary page) and top5 exact counts from nomix.it (cites 'Fonte: ISTAT, Novembre 2013'); not individually re-verified against raw PDF text by full manual read."
2011,546607,48,41,Francesco;Alessandro;Andrea;Lorenzo;Matteo,8505;8084;8058;7752;7290,Sofia;Giulia;Martina;Giorgia;Sara,8531;8327;5692;5230;4964,https://www.comune.bologna.it/iperbole/piancont/archivionov/tabelle_grafici/istat_natalita/Natalitaefeconditadella%20popolazione%20-%2014_nov_2012%20-%20Testo%20integrale.pdf,"Primary ISTAT PDF text obtained via a Comune di Bologna mirror (original istat.it URL for this specific year could not be located directly; content is the official ISTAT 'Testo integrale' dated 14 Nov 2012, i.e. genuine primary-source text, just not fetched from istat.it itself). total_births confirmed exact (546.607) via web search corroboration. top30% (rounded) and top5 exact counts from nomix.it (cites 'Fonte: ISTAT, Dicembre 2012'); not individually re-verified against raw PDF text by full manual read."
2010,561944,48,41,Francesco;Alessandro;Andrea;Lorenzo;Matteo,8949;8462;8023;7746;7269,Sofia;Giulia;Sara;Martina;Giorgia,8922;8550;6102;5965;5728,https://www.nomix.it/top-30-nomi-per-bambini-italia-2010.php,"No ISTAT PDF for this specific year located/downloaded. total_births (561.944) from ISTAT 'Bilancio Demografico Nazionale 2010' (official document, found via web search, not downloaded to raw/). top30% (rounded to whole percent; nomix page notes the share 'continua a diminuire negli ultimi anni' vs 2009) and top5 exact counts from nomix.it (cites 'Fonte: ISTAT, 2011')."
2009,568857,49,41.9,Francesco;Alessandro;Matteo;Andrea;Lorenzo,9259;9141;8111;7947;7711,Giulia;Sofia;Martina;Sara;Giorgia,8998;8854;6981;6445;5727,https://www.nomix.it/top-30-nomi-per-bambini-italia-2009.php,"No ISTAT PDF for this specific year located/downloaded. total_births (568.857) from a web-search-derived synthesis of ISTAT figures (not independently cross-checked against a downloaded ISTAT PDF) - treat as approx. top30 male share stated explicitly by nomix.it prose ('il 49% del totale'); female share given only as 'quasi il 42%' (i.e. just under 42%) - recorded here as 41.9 approx. Top5 exact counts from nomix.it (cites 'Fonte: ISTAT, 2011')."
2008,576659,50.03,41.98,Francesco;Alessandro;Andrea;Matteo;Lorenzo,10156;9247;8596;8460;7703,Giulia;Sofia;Martina;Sara;Chiara,9624;8972;7327;7119;6457,https://www.nomix.it/top-30-nomi-per-bambini-italia-2008.php,"No ISTAT PDF for this specific year located/downloaded, but total_births (576.659) is cross-confirmed exact via the official historical indicator table inside the downloaded 2024 and 2020 ISTAT PDFs (both list 2008 = 576.659). top30% and top5 exact counts (incl. full cumulative % column) from nomix.it (cites 'Fonte: ISTAT, 2010'); nomix page prose independently states 'i primi 30 nomi coprono il 50% ... e il 42% per le bambine' matching its own table's cumulative total (50.03/41.98)."
2007,563933,50.7,43.1,Francesco;Alessandro;Andrea;Matteo;Lorenzo,10047;9318;8352;8162;7891,Giulia;Sofia;Martina;Sara;Chiara,9670;8422;7731;7264;6243,https://www.nomix.it/nomi-piu-frequenti-nati-in-italia-2007.php,"No ISTAT PDF for this specific year located/downloaded. total_births (563.933) from web-search synthesis referencing ISTAT figures for 2007 (cited as 'the previous year' in the 2008 report press coverage) - not independently verified against a downloaded ISTAT PDF. top30% and top5 exact counts (incl. full cumulative % column, i.e. rank 30 cumulative = 50.7%/43.1%) from nomix.it (cites 'Fonte: ISTAT, 2009')."
2006,557000,51.1,43.5,Francesco;Alessandro;Andrea;Matteo;Lorenzo,10003;9396;8805;8355;7824,Giulia;Sara;Sofia;Martina;Chiara,10233;7313;7263;7160;6670,https://www.nomix.it/nomi-piu-utilizzati-per-i-bambini-italiani.php,"No ISTAT PDF for this specific year located/downloaded. total_births (~557.000) is a PROVISIONAL ISTAT estimate found via web search ('circa 557.000 unità, circa 3.000 in più del 2005') - approx, not an exact/final figure. top30% and top5 exact counts (incl. cumulative % column) from nomix.it (cites 'Fonte: ISTAT, 2008')."
2005,,,,,,,,,"No ISTAT report/press-release and no nomix.it page located for data-year 2005 despite searching - this appears to be a genuine gap in what's publicly archived/re-published. Row included only to flag the gap explicitly; not populated."
2004,,,,Francesco;Alessandro;Andrea;Matteo;Lorenzo,,Giulia;Martina;Chiara;Sara;Alessia,,https://www.nomix.it/top10italia2004.php,"No ISTAT PDF located; nomix.it's 2004 page (an early/thin page format) gives only a ranked name list with NO counts (V.A.), NO top30 concentration %, and NO total_births figure - so those fields are left blank here. Names only, exact rank order preserved. This is the earliest year for which any name-ranking data (of any kind) could be found; included as a bonus beyond the 'back to ~2005-2008' target since it happened to be available."
