name,gender,year,count,baseline,ratio,score
KAROL,m,2005,156,2,78.0,12168.0
GAIA,f,2001,4712,2273,2.07,9768.1
CRISTIAN,m,2007,3499,1619,2.16,7562.1
EMMA,f,2005,2550,1148,2.22,5664.2
DIEGO,m,2005,2305,1106,2.08,4803.8
CELINE,f,2024,661,108,6.12,4045.6
MIA,f,2013,1420,502,2.83,4016.7
FLAVIO,m,2002,1008,294,3.43,3456.0
SOLE,f,2022,916,244,3.75,3438.8
GIOIA,f,2014,1487,678,2.19,3261.3
SOLE,f,2023,1088,379,2.87,3123.3
CHANEL,f,2008,158,8,19.75,3120.5
MELISSA,f,2006,1512,750,2.02,3048.2
FLAVIO,m,2003,965,311,3.1,2994.3
MIA,f,2012,1046,367,2.85,2981.2
FRANCESCO PIO,m,2002,1171,503,2.33,2726.1
ISABEL,f,2017,1218,570,2.14,2602.7
ADELE,f,2012,1075,449,2.39,2573.8
ADELE,f,2013,1197,576,2.08,2487.5
THIAGO,m,2024,744,224,3.32,2471.1
SOLEIL,f,2022,474,98,4.84,2292.6
SOPHIE,f,2022,789,272,2.9,2288.7
CHLOE,f,2014,493,111,4.44,2189.6
SOLEIL,f,2023,473,104,4.55,2151.2
KAROL,f,2005,115,7,16.43,1889.3
DESIREE,f,2003,859,392,2.19,1882.3
DENNIS,m,2002,659,249,2.65,1744.1
DESIREE,f,2004,818,392,2.09,1706.9
CELINE,f,2023,296,60,4.93,1460.3
NATHAN,m,2011,355,87,4.08,1448.6
ANDREA,f,2013,281,55,5.11,1435.7
ELODIE,f,2017,135,13,10.38,1401.9
CHLOE,f,2015,558,247,2.26,1260.6
CRISTIANO,m,2006,600,292,2.05,1232.9
SIRIA,f,2009,605,299,2.02,1224.2
MALAK,f,2009,411,140,2.94,1206.6
RAYAN,m,2007,295,78,3.78,1115.7
DENNIS,m,2000,362,118,3.07,1110.5
SANTIAGO,m,2014,329,99,3.32,1093.3
CELESTE,f,2013,472,206,2.29,1081.5
ADAM,m,2007,516,247,2.09,1078.0
NATHAN,m,2012,420,166,2.53,1062.7
ELODIE,f,2016,117,13,9.0,1053.0
FRANCESCA PIA,f,2002,457,200,2.29,1044.2
THIAGO,m,2023,460,203,2.27,1042.4
RAYAN,m,2008,387,146,2.65,1025.8
ANDREA,f,2014,237,55,4.31,1021.3
ILARY,f,2007,285,82,3.48,990.5
CLOE,f,2014,474,231,2.05,972.6
FABIANO,m,2006,210,46,4.57,958.7
GIOIA,f,2003,371,146,2.54,942.7
GIOVANNI PAOLO,m,2005,168,30,5.6,940.8
PERLA,f,2024,320,113,2.83,906.2
LIAM,m,2013,308,105,2.93,903.5
FABIANO,m,2007,201,47,4.28,859.6
KAROL,f,2006,97,11,8.82,855.4
GIOVANNI PAOLO,m,2006,162,31,5.23,846.6
THEO,m,2023,230,63,3.65,839.7
MARISOL,f,2005,89,10,8.9,792.1
SANTIAGO,m,2015,371,175,2.12,786.5
DARIA,f,2001,312,136,2.29,715.8
KRISTEL,f,2006,98,14,7.0,686.0
NICOLO,m,2023,288,121,2.38,685.5
ILARY,f,2006,168,45,3.73,627.2
NICOLO,m,2022,251,103,2.44,611.7
PENELOPE,f,2012,249,106,2.35,584.9
ALEXANDRA,f,2005,219,83,2.64,577.8
CHLOE,f,2013,247,108,2.29,564.9
RAYAN,m,2006,146,38,3.84,560.9
THEO,m,2022,143,38,3.76,538.1
ACHILLE,m,2008,243,112,2.17,527.2
MALAK,f,2008,256,125,2.05,524.3
ARIA,f,2024,225,98,2.3,516.6
NOUR,f,2015,204,81,2.52,513.8
ADAM,m,2005,247,120,2.06,508.4
MIREA,f,2022,121,29,4.17,504.9
ANTONIO PIO,m,2002,231,106,2.18,503.4
YANIS,m,2022,122,31,3.94,480.1
LIAM,m,2012,179,68,2.63,471.2
ALISA,f,2011,97,20,4.85,470.4
THIAGO,m,2011,91,18,5.06,460.1
CLOE,f,2011,209,99,2.11,441.2
PENELOPE,f,2011,198,89,2.22,440.5
KARIM,m,2002,192,84,2.29,438.9
YANIS,m,2020,98,22,4.45,436.5
MIA,f,2005,106,26,4.08,432.2
YAHYA,m,2009,129,40,3.23,416.0
THIAGO,m,2014,198,96,2.06,408.4
CHANEL,f,2009,160,63,2.54,406.3
AMIR,m,2010,193,92,2.1,404.9
ACHILLE,m,2007,196,96,2.04,400.2
HIBA,f,2006,179,81,2.21,395.6
MYA,f,2013,161,66,2.44,392.7
SANTIAGO,m,2013,175,79,2.22,387.7
MALAK,f,2004,83,18,4.61,382.7
MATHIAS,m,2002,144,55,2.62,377.0
RAZAN,f,2018,91,22,4.14,376.4
NICOLO,m,2017,121,39,3.1,375.4
MIA,f,2006,145,58,2.5,362.5
OUSSAID,m,2024,85,20,4.25,361.2
IMRAN,m,2016,169,80,2.11,357.0
NORA,f,2007,160,72,2.22,355.6
IYAD,m,2017,105,31,3.39,355.6
AYA,f,2003,141,56,2.52,355.0
SOLE,f,2014,92,24,3.83,352.7
MYA,f,2012,142,58,2.45,347.7
LAPO,m,2005,162,77,2.1,340.8
RYAN,m,2006,108,35,3.09,333.3
NATHAN,m,2010,166,83,2.0,332.0
ARON,m,2010,118,42,2.81,331.5
AIDA,f,2005,103,32,3.22,331.5
SOLE,f,2015,91,25,3.64,331.2
DEVA,f,2022,106,34,3.12,330.5
ELSA,f,2015,130,52,2.5,325.0
JOELE,m,2005,109,37,2.95,321.1
SIRIO,m,2022,93,27,3.44,320.3
CHLOE,f,2011,108,37,2.92,315.2
ACHILLE,m,2006,112,40,2.8,313.6
CHLOE',f,2014,116,43,2.7,312.9
HIBA,f,2005,125,50,2.5,312.5
THIAGO,m,2012,96,30,3.2,307.2
MALAK,f,2005,92,28,3.29,302.3
MATIAS,m,2010,140,65,2.15,301.5
KHADIJA,f,2008,129,56,2.3,297.2
AIDA,f,2006,110,41,2.68,295.1
TEO,m,2022,120,49,2.45,293.9
JONAS,m,2015,146,73,2.0,292.0
ATENA,f,2022,108,40,2.7,291.6
AYLA,f,2022,80,22,3.64,290.9
ARYA,f,2020,128,57,2.25,287.4
MAIA,f,2007,137,67,2.04,280.1
MANILA,f,2003,113,46,2.46,277.6
YARA,f,2012,104,39,2.67,277.3
CELINE,f,2022,108,44,2.45,265.1
ACHILLE,m,2005,96,35,2.74,263.3
MATTEO PIO,m,2002,93,33,2.82,262.1
KHADIJA,f,2007,121,56,2.16,261.4
ARIA,f,2020,97,36,2.69,261.4
AMAR,m,2024,115,52,2.21,254.3
OTTAVIA,f,2022,122,59,2.07,252.3
YARA,f,2011,99,39,2.54,251.3
CASSANDRA,f,2008,91,33,2.76,250.9
FUTURA,f,2023,91,33,2.76,250.9
MATHIAS,m,2003,117,55,2.13,248.9
LEON,m,2005,80,26,3.08,246.2
VENERE,f,2023,80,26,3.08,246.2
RYAN,m,2007,104,44,2.36,245.8
MIRAL,f,2023,104,48,2.17,225.3
ADELAIDE,f,2008,110,54,2.04,224.1
ALEANDRO,m,2011,97,42,2.31,224.0
AYA,f,2002,112,56,2.0,224.0
ISIDE,f,2022,99,44,2.25,222.8
SYRIA,f,2000,102,47,2.17,221.4
RAYANE,m,2009,108,53,2.04,220.1
GIANPAOLO,m,2005,98,44,2.23,218.3
GIOVANNI PIO,m,2002,102,49,2.08,212.3
CHANTAL,f,2003,103,50,2.06,212.2
INES,f,2000,104,51,2.04,212.1
HIBA,f,2004,81,31,2.61,211.6
ZAIRA,f,2004,99,48,2.06,204.2
ILARY,f,2005,82,33,2.48,203.8
CRISTEL,f,2015,85,36,2.36,200.7
SAAD,m,2008,98,48,2.04,200.1
LEONE,m,2008,87,38,2.29,199.2
SORAYA,f,2004,83,35,2.37,196.8
AMY,f,2012,91,43,2.12,192.6
MIREA,f,2023,87,40,2.17,189.2
ARON,m,2009,83,37,2.24,186.2
SAFAA,f,2009,84,38,2.21,185.7
ATHENA,f,2016,82,37,2.22,181.7
NATAN,m,2012,84,41,2.05,172.1
ALVIN,m,2016,81,39,2.08,168.2
