year,sex,total_births,distinct_names,shannon_entropy,top10_share,top50_share
1880,F,90994,942,7.591849,0.246489,0.584379
1880,M,110490,1058,6.885242,0.442167,0.702715
1880,both,201484,2000,8.197595,0.266349,0.517247
1881,F,91953,938,7.599520,0.241547,0.583657
1881,M,100735,996,6.887200,0.437991,0.701941
1881,both,192688,1934,8.225629,0.255745,0.511246
1882,F,107847,1028,7.638406,0.239413,0.580869
1882,M,113686,1099,6.972321,0.427194,0.693225
1882,both,221533,2127,8.296084,0.247268,0.501912
1883,F,112320,1054,7.678668,0.234224,0.576140
1883,M,104625,1030,6.952008,0.426284,0.697548
1883,both,216945,2084,8.327318,0.236318,0.496278
1884,F,129019,1172,7.733801,0.231439,0.571613
1884,M,114441,1125,7.048106,0.412265,0.685585
1884,both,243460,2297,8.408895,0.227265,0.487205
1885,F,133055,1197,7.769606,0.226530,0.567119
1885,M,107799,1097,7.079470,0.406766,0.680943
1885,both,240854,2294,8.452776,0.219000,0.480752
1886,F,144533,1282,7.808957,0.222019,0.561477
1886,M,110783,1110,7.086357,0.403871,0.679066
1886,both,255316,2392,8.482775,0.213774,0.476245
1887,F,145981,1306,7.835971,0.219145,0.559189
1887,M,101410,1067,7.099287,0.399418,0.677941
1887,both,247391,2373,8.510449,0.206103,0.471832
1888,F,178622,1474,7.897082,0.213585,0.551147
1888,M,120852,1177,7.167537,0.394185,0.671193
1888,both,299474,2651,8.575664,0.198758,0.464154
1889,F,178366,1479,7.918514,0.211828,0.547487
1889,M,110580,1111,7.161787,0.389257,0.671595
1889,both,288946,2590,8.588841,0.192524,0.460027
1890,F,190377,1534,7.955708,0.207478,0.542613
1890,M,111024,1161,7.210479,0.383656,0.666469
1890,both,301401,2695,8.630600,0.186506,0.453860
1891,F,185482,1533,7.971095,0.207206,0.540500
1891,M,101191,1127,7.239923,0.377257,0.661610
1891,both,286673,2660,8.649708,0.182581,0.450095
1892,F,212339,1661,8.000003,0.206340,0.537612
1892,M,122035,1260,7.305653,0.369845,0.655681
1892,both,334374,2921,8.693317,0.180032,0.448282
1893,F,212905,1652,8.004742,0.207849,0.536793
1893,M,112318,1179,7.297803,0.368383,0.655113
1893,both,325223,2831,8.690449,0.176516,0.447004
1894,F,222922,1702,8.045384,0.201842,0.529320
1894,M,115768,1239,7.355069,0.359149,0.649445
1894,both,338690,2941,8.735968,0.172107,0.438891
1895,F,233627,1808,8.081247,0.202588,0.526549
1895,M,117393,1241,7.378175,0.357066,0.647023
1895,both,351020,3049,8.765508,0.170383,0.436311
1896,F,237918,1825,8.088624,0.202898,0.526623
1896,M,119565,1266,7.426555,0.352193,0.640196
1896,both,357483,3091,8.786608,0.170733,0.433411
1897,F,234200,1799,8.099093,0.201341,0.522916
1897,M,112757,1229,7.414340,0.351632,0.643064
1897,both,346957,3028,8.786280,0.169375,0.430670
1898,F,258769,1975,8.151434,0.200294,0.517187
1898,M,122685,1289,7.428578,0.348991,0.643388
1898,both,381454,3264,8.825085,0.167457,0.427108
1899,F,233022,1842,8.130282,0.201505,0.518118
1899,M,106211,1200,7.458387,0.342789,0.635301
1899,both,339233,3042,8.816628,0.166555,0.425601
1900,F,299784,2223,8.220140,0.194847,0.508136
1900,M,150474,1506,7.547583,0.342192,0.628826
1900,both,450258,3729,8.914530,0.165201,0.415675
1901,F,239345,1943,8.185564,0.196185,0.509206
1901,M,106467,1210,7.502615,0.336076,0.627716
1901,both,345812,3153,8.866006,0.162383,0.418320
1902,F,264073,2042,8.199244,0.197646,0.508056
1902,M,122660,1320,7.539733,0.335741,0.624548
1902,both,386733,3362,8.891344,0.163340,0.416367
1903,F,261970,2083,8.209397,0.198763,0.508215
1903,M,119230,1306,7.562832,0.332223,0.621614
1903,both,381200,3389,8.903518,0.163030,0.415682
1904,F,275362,2165,8.231261,0.199675,0.504634
1904,M,128122,1395,7.608998,0.327251,0.615226
1904,both,403484,3560,8.935353,0.162118,0.411506
1905,F,291617,2234,8.242877,0.199333,0.503249
1905,M,132306,1421,7.653245,0.321301,0.608816
1905,both,423923,3655,8.954435,0.160484,0.408199
1906,F,295297,2220,8.225461,0.205508,0.508126
1906,M,133154,1413,7.647454,0.323535,0.610827
1906,both,428451,3633,8.939900,0.162604,0.412955
1907,F,318564,2399,8.257828,0.203648,0.505035
1907,M,146826,1549,7.719899,0.316763,0.601065
1907,both,465390,3948,8.987526,0.161596,0.407581
1908,F,334312,2434,8.248532,0.208479,0.508002
1908,M,154336,1584,7.726794,0.317049,0.601039
1908,both,488648,4018,8.983548,0.164967,0.409935
1909,F,347228,2548,8.273361,0.210622,0.505535
1909,M,163996,1679,7.779432,0.313258,0.594216
1909,both,511224,4227,9.020152,0.165694,0.407684
1910,F,396503,2790,8.304984,0.210520,0.500357
1910,M,194208,1839,7.807873,0.312160,0.592967
1910,both,590711,4629,9.055214,0.165575,0.405496
1911,F,418309,2868,8.273858,0.219092,0.506188
1911,M,225970,1999,7.808212,0.314582,0.596119
1911,both,644279,4867,9.045262,0.170224,0.408924
1912,F,558119,3445,8.312943,0.222349,0.504360
1912,M,429942,2905,7.908612,0.305844,0.589773
1912,both,988061,6350,9.124830,0.174188,0.404238
1913,F,624546,3707,8.314635,0.226499,0.506373
1913,M,512566,3261,7.932202,0.305767,0.588219
1913,both,1137112,6968,9.135242,0.178011,0.406327
1914,F,761581,4206,8.333196,0.228916,0.506470
1914,M,654762,3759,7.958336,0.308205,0.588226
1914,both,1416343,7965,9.155795,0.181236,0.407323
1915,F,983852,4967,8.350818,0.231738,0.509326
1915,M,848575,4390,7.989863,0.304454,0.585993
1915,both,1832427,9357,9.179729,0.180781,0.407508
1916,F,1044334,5161,8.368274,0.231433,0.506429
1916,M,890080,4535,7.987553,0.306648,0.586710
1916,both,1934414,9696,9.188502,0.181831,0.406749
1917,F,1081267,5310,8.371575,0.232766,0.506603
1917,M,925482,4602,7.973208,0.308824,0.589299
1917,both,2006749,9912,9.183502,0.183745,0.407874
1918,F,1157631,5585,8.390431,0.232844,0.503826
1918,M,1013480,4813,7.963090,0.310317,0.590263
1918,both,2171111,10398,9.187765,0.184470,0.408082
1919,F,1130117,5559,8.405865,0.229978,0.500524
1919,M,980122,4810,7.985807,0.309356,0.588630
1919,both,2110239,10369,9.207117,0.184236,0.406319
1920,F,1198289,5767,8.398181,0.232469,0.500895
1920,M,1064356,4989,7.936740,0.315656,0.596515
1920,both,2262645,10756,9.178588,0.189850,0.412656
1921,F,1233058,5871,8.396867,0.233961,0.501073
1921,M,1101449,4985,7.916952,0.317223,0.600214
1921,both,2334507,10856,9.168143,0.190912,0.415256
1922,F,1201003,5789,8.416015,0.232845,0.496865
1922,M,1088154,4967,7.919274,0.319666,0.598277
1922,both,2289157,10756,9.178135,0.191093,0.414920
1923,F,1206366,5739,8.408612,0.234238,0.497519
1923,M,1096102,4904,7.883992,0.322639,0.602721
1923,both,2302468,10643,9.157209,0.191301,0.417487
1924,F,1248872,5900,8.422197,0.232941,0.497041
1924,M,1132742,4970,7.868619,0.326513,0.604018
1924,both,2381614,10870,9.157189,0.192919,0.417456
1925,F,1217384,5771,8.432237,0.229841,0.495241
1925,M,1115919,4867,7.844229,0.329222,0.605945
1925,both,2333303,10638,9.149653,0.193443,0.417468
1926,F,1185401,5622,8.437835,0.225202,0.491864
1926,M,1110505,4837,7.843282,0.330456,0.606233
1926,both,2295906,10459,9.149488,0.192554,0.417183
1927,F,1192431,5602,8.431433,0.224308,0.491374
1927,M,1126915,4802,7.840314,0.331776,0.607046
1927,both,2319346,10404,9.143647,0.193800,0.417897
1928,F,1153318,5440,8.424229,0.223650,0.493800
1928,M,1107613,4723,7.832984,0.331592,0.608258
1928,both,2260931,10163,9.134288,0.194061,0.417391
1929,F,1116561,5277,8.406522,0.222661,0.496483
1929,M,1075615,4545,7.807027,0.334652,0.610169
1929,both,2192176,9822,9.112121,0.196250,0.420713
1930,F,1125927,5247,8.389556,0.222911,0.500318
1930,M,1097378,4542,7.791225,0.337217,0.610762
1930,both,2223305,9789,9.094113,0.198685,0.424226
1931,F,1064728,4979,8.355956,0.228556,0.504354
1931,M,1039665,4321,7.776979,0.337751,0.609740
1931,both,2104393,9300,9.069813,0.198260,0.426337
1932,F,1067148,5098,8.380932,0.229536,0.501827
1932,M,1044157,4284,7.782359,0.335658,0.607016
1932,both,2111305,9382,9.084819,0.196685,0.424144
1933,F,1007932,4858,8.384802,0.228395,0.500635
1933,M,991524,4156,7.774787,0.334237,0.606323
1933,both,1999456,9014,9.082249,0.196741,0.422173
1934,F,1044225,4973,8.368896,0.234099,0.502357
1934,M,1032596,4205,7.767808,0.332541,0.605417
1934,both,2076821,9178,9.070013,0.196287,0.424511
1935,F,1048577,4893,8.318635,0.247359,0.507791
1935,M,1041351,4146,7.745404,0.332527,0.609328
1935,both,2089928,9039,9.033002,0.201437,0.430871
1936,F,1040390,4856,8.337221,0.241845,0.505207
1936,M,1037205,4037,7.707377,0.333130,0.615040
1936,both,2077595,8893,9.022780,0.198657,0.430873
1937,F,1064033,4930,8.371083,0.235879,0.498602
1937,M,1066659,4020,7.684136,0.336038,0.619697
1937,both,2130692,8950,9.027185,0.195543,0.430177
1938,F,1103456,4995,8.363462,0.232630,0.501461
1938,M,1109147,4035,7.673268,0.334677,0.620950
1938,both,2212603,9030,9.017472,0.194160,0.431048
1939,F,1096612,4950,8.347339,0.230324,0.509133
1939,M,1106852,3968,7.654344,0.334241,0.624691
1939,both,2203464,8918,8.999216,0.193237,0.435458
1940,F,1143528,5028,8.320915,0.230846,0.519972
1940,M,1159172,3937,7.635142,0.334631,0.627175
1940,both,2302700,8965,8.975666,0.193540,0.441119
1941,F,1208119,5085,8.280980,0.235050,0.530612
1941,M,1228318,4002,7.598333,0.335753,0.632626
1941,both,2436437,9087,8.936777,0.194226,0.449257
1942,F,1350719,5378,8.263281,0.239943,0.539215
1942,M,1381161,4044,7.548504,0.338487,0.639253
1942,both,2731880,9422,8.901821,0.195020,0.456665
1943,F,1395293,5367,8.244804,0.244286,0.542070
1943,M,1427297,4040,7.531738,0.341255,0.639425
1943,both,2822590,9407,8.884135,0.195298,0.461700
1944,F,1327223,5243,8.247022,0.242072,0.542242
1944,M,1362875,3909,7.510971,0.343625,0.640542
1944,both,2690098,9152,8.873992,0.195823,0.462310
1945,F,1307090,5242,8.260802,0.238436,0.538807
1945,M,1345855,3783,7.501600,0.343137,0.639556
1945,both,2652945,9025,8.875500,0.195542,0.461493
1946,F,1571305,5686,8.240545,0.244590,0.541415
1946,M,1624023,4018,7.450877,0.348722,0.645717
1946,both,3195328,9704,8.839001,0.196472,0.466642
1947,F,1772766,6104,8.195071,0.257354,0.546508
1947,M,1829599,4266,7.469229,0.343881,0.643595
1947,both,3602365,10370,8.826245,0.202993,0.467178
1948,F,1697908,6040,8.222126,0.254797,0.541221
1948,M,1754618,4199,7.495594,0.339125,0.641195
1948,both,3452526,10239,8.852699,0.200055,0.462471
1949,F,1710877,6066,8.245423,0.247396,0.538869
1949,M,1773939,4205,7.488926,0.338840,0.645699
1949,both,3484816,10271,8.860093,0.197495,0.461972
1950,F,1713054,6109,8.282331,0.241018,0.532786
1950,M,1790262,4196,7.482375,0.338034,0.648178
1950,both,3503316,10305,8.873188,0.194273,0.460519
1951,F,1800859,6213,8.282494,0.239759,0.533494
1951,M,1882837,4253,7.471611,0.337754,0.649795
1951,both,3683696,10466,8.867672,0.191722,0.460413
1952,F,1854335,6389,8.321800,0.232137,0.528714
1952,M,1943633,4257,7.473406,0.337120,0.648854
1952,both,3797968,10646,8.887230,0.188201,0.457840
1953,F,1881301,6497,8.362460,0.231091,0.520073
1953,M,1972299,4341,7.498549,0.332305,0.645388
1953,both,3853600,10838,8.919902,0.184471,0.453468
1954,F,1941915,6625,8.388873,0.230175,0.511724
1954,M,2038751,4360,7.513778,0.325172,0.645754
1954,both,3980666,10985,8.940255,0.180489,0.450608
1955,F,1955277,6732,8.444124,0.222882,0.501037
1955,M,2059889,4400,7.534765,0.321496,0.644967
1955,both,4015166,11132,8.977109,0.175106,0.445425
1956,F,2007703,6891,8.494716,0.214382,0.492400
1956,M,2115302,4455,7.576219,0.314825,0.638710
1956,both,4123005,11346,9.022991,0.168025,0.436765
1957,F,2044851,7015,8.549582,0.201161,0.487392
1957,M,2157236,4552,7.627030,0.307767,0.629239
1957,both,4202087,11567,9.075453,0.164088,0.424340
1958,F,2011619,7030,8.613972,0.185764,0.478473
1958,M,2122409,4502,7.675182,0.300352,0.620087
1958,both,4134028,11532,9.131479,0.160482,0.410774
1959,F,2023462,7202,8.663106,0.178814,0.471019
1959,M,2134518,4572,7.719412,0.294368,0.612751
1959,both,4157980,11774,9.178142,0.156460,0.402126
1960,F,2021941,7332,8.728640,0.169650,0.461078
1960,M,2132320,4598,7.739173,0.290832,0.608733
1960,both,4154261,11930,9.220252,0.153515,0.394788
1961,F,2018495,7527,8.777695,0.162725,0.456007
1961,M,2124195,4657,7.739553,0.290715,0.609096
1961,both,4142690,12184,9.244910,0.154030,0.391035
1962,F,1966603,7584,8.807178,0.159439,0.451547
1962,M,2068772,4631,7.749355,0.287822,0.607531
1962,both,4035375,12215,9.264413,0.152388,0.389212
1963,F,1927507,7661,8.832739,0.160669,0.448292
1963,M,2031078,4621,7.752224,0.287488,0.609441
1963,both,3958585,12282,9.277852,0.155185,0.390421
1964,F,1894855,7806,8.886447,0.155702,0.442426
1964,M,1992698,4594,7.745150,0.290033,0.613107
1964,both,3887553,12400,9.300979,0.156400,0.386911
1965,F,1765164,7535,8.869290,0.160414,0.450186
1965,M,1860143,4425,7.758193,0.283539,0.613760
1965,both,3625307,11960,9.298692,0.154689,0.388791
1966,F,1692177,7624,8.901873,0.159502,0.451348
1966,M,1783461,4540,7.762137,0.281804,0.617633
1966,both,3475638,12164,9.316540,0.153219,0.390736
1967,F,1651025,7852,8.959731,0.157657,0.444484
1967,M,1743811,4551,7.766147,0.282736,0.619272
1967,both,3394836,12403,9.346089,0.153325,0.390778
1968,F,1640389,8198,9.013486,0.161405,0.438937
1968,M,1737974,4746,7.805632,0.283136,0.616676
1968,both,3378363,12944,9.391512,0.151982,0.391849
1969,F,1687016,8708,9.086671,0.159154,0.427918
1969,M,1788174,5043,7.867572,0.276915,0.608812
1969,both,3475190,13751,9.458767,0.147354,0.386039
1970,F,1748144,9355,9.155667,0.162701,0.419680
1970,M,1858229,5433,7.940383,0.268455,0.599862
1970,both,3606373,14788,9.528805,0.145375,0.381886
1971,F,1663823,9645,9.220898,0.167830,0.412486
1971,M,1768447,5655,8.027132,0.265074,0.589116
1971,both,3432270,15300,9.605151,0.144270,0.375011
1972,F,1521244,9666,9.251361,0.175911,0.413103
1972,M,1621608,5751,8.080072,0.265346,0.583001
1972,both,3142852,15417,9.646279,0.149851,0.375111
1973,F,1458209,9810,9.320924,0.176523,0.404901
1973,M,1558576,5877,8.126530,0.264863,0.577825
1973,both,3016785,15687,9.703060,0.149406,0.369568
1974,F,1467534,10247,9.359574,0.177849,0.403794
1974,M,1572334,6004,8.146121,0.265360,0.577838
1974,both,3039868,16251,9.731073,0.149919,0.368425
1975,F,1457861,10618,9.419706,0.173806,0.402512
1975,M,1561357,6337,8.214718,0.256782,0.571625
1975,both,3019218,16955,9.795711,0.144834,0.365321
1976,F,1465099,10913,9.416620,0.171968,0.410567
1976,M,1569007,6495,8.229865,0.251906,0.572633
1976,both,3034106,17408,9.802075,0.142184,0.368401
1977,F,1533146,11329,9.464082,0.167321,0.408675
1977,M,1643220,6861,8.237105,0.249415,0.573184
1977,both,3176366,18190,9.828467,0.139255,0.369301
1978,F,1531859,11475,9.478368,0.165403,0.408801
1978,M,1641837,6762,8.232628,0.246252,0.575828
1978,both,3173696,18237,9.833047,0.136736,0.369624
1979,F,1605268,11972,9.490962,0.170038,0.410986
1979,M,1721536,7071,8.254435,0.241046,0.576282
1979,both,3326804,19043,9.850210,0.134048,0.369829
1980,F,1660307,12161,9.465312,0.170972,0.419310
1980,M,1783951,7293,8.262543,0.235847,0.576861
1980,both,3444258,19454,9.841409,0.130790,0.369200
1981,F,1668060,12198,9.445523,0.173321,0.425410
1981,M,1791177,7289,8.247005,0.235829,0.580744
1981,both,3459237,19487,9.824022,0.131997,0.370814
1982,F,1693325,12332,9.431292,0.172504,0.430564
1982,M,1814447,7367,8.244659,0.238752,0.581663
1982,both,3507772,19699,9.816628,0.133622,0.370590
1983,F,1670609,12074,9.365729,0.181188,0.441896
1983,M,1792564,7344,8.212959,0.237385,0.588719
1983,both,3463173,19418,9.768152,0.132614,0.377997
1984,F,1683817,12181,9.383399,0.180564,0.439545
1984,M,1804848,7341,8.227542,0.234680,0.585923
1984,both,3488665,19522,9.784552,0.132963,0.375989
1985,F,1720828,12505,9.421411,0.180069,0.438469
1985,M,1848210,7586,8.284420,0.227557,0.577602
1985,both,3569038,20091,9.831706,0.131118,0.370444
1986,F,1715547,12836,9.458652,0.180907,0.435461
1986,M,1841515,7830,8.342376,0.221880,0.569584
1986,both,3557062,20666,9.879843,0.128812,0.365499
1987,F,1738632,13263,9.491217,0.181607,0.429932
1987,M,1866984,8152,8.396461,0.218499,0.561350
1987,both,3605616,21415,9.923439,0.129293,0.362295
1988,F,1780854,13883,9.577615,0.172937,0.420155
1988,M,1914283,8495,8.465216,0.213868,0.551777
1988,both,3695137,22378,10.000391,0.122549,0.353712
1989,F,1843552,14550,9.661190,0.168601,0.409813
1989,M,2000928,9232,8.585391,0.204290,0.535409
1989,both,3844480,23782,10.100062,0.116637,0.342103
1990,F,1898547,15234,9.759997,0.159619,0.395467
1990,M,2054038,9493,8.652074,0.194807,0.523473
1990,both,3952585,24727,10.183126,0.110389,0.331177
1991,F,1875007,15466,9.844210,0.149281,0.382577
1991,M,2020328,9648,8.728564,0.184053,0.512006
1991,both,3895335,25114,10.264573,0.102962,0.320901
1992,F,1843931,15610,9.933880,0.137899,0.370290
1992,M,1997409,9820,8.815452,0.173176,0.499751
1992,both,3841340,25430,10.351171,0.095224,0.309370
1993,F,1809072,15801,9.989880,0.132617,0.362590
1993,M,1961328,10170,8.896231,0.166897,0.487860
1993,both,3770400,25971,10.419797,0.090804,0.301290
1994,F,1785753,15759,10.045769,0.125100,0.350630
1994,M,1932031,10245,8.962385,0.163329,0.477653
1994,both,3717784,26004,10.481647,0.087195,0.292936
1995,F,1758548,15753,10.088533,0.118527,0.340744
1995,M,1903701,10330,9.015838,0.161099,0.466179
1995,both,3662249,26083,10.529794,0.084297,0.284555
1996,F,1753007,15894,10.150723,0.114715,0.331375
1996,M,1894300,10536,9.083766,0.155143,0.453809
1996,both,3647307,26430,10.595496,0.080577,0.275479
1997,F,1740710,16163,10.220971,0.112858,0.324024
1997,M,1885140,10814,9.148220,0.152932,0.443928
1997,both,3625850,26977,10.662085,0.079748,0.269580
1998,F,1766949,16601,10.294879,0.111551,0.316095
1998,M,1911366,11311,9.223537,0.146605,0.435547
1998,both,3678315,27912,10.737064,0.076917,0.261358
1999,F,1773823,16947,10.359200,0.107348,0.309782
1999,M,1920150,11614,9.286069,0.140963,0.425111
1999,both,3693973,28561,10.800247,0.074322,0.254341
2000,F,1816036,17660,10.443824,0.102164,0.301262
2000,M,1964001,12119,9.378895,0.133704,0.410509
2000,both,3780037,29779,10.889411,0.070845,0.243921
2001,F,1800624,17978,10.522278,0.097886,0.293751
2001,M,1942881,12307,9.447281,0.126953,0.401072
2001,both,3743505,30285,10.963312,0.067519,0.235673
2002,F,1796882,18086,10.567072,0.095718,0.286135
2002,M,1941514,12489,9.493393,0.123871,0.393500
2002,both,3738396,30575,11.008383,0.065268,0.229399
2003,F,1827145,18439,10.625401,0.096170,0.277348
2003,M,1975349,12761,9.549101,0.117851,0.381683
2003,both,3802494,31200,11.065180,0.063197,0.223149
2004,F,1836250,18835,10.705181,0.093241,0.267705
2004,M,1984979,13228,9.635502,0.113574,0.369090
2004,both,3821229,32063,11.148432,0.060901,0.215134
2005,F,1847842,19199,10.757096,0.089793,0.261622
2005,M,1997305,13370,9.699059,0.107405,0.359047
2005,both,3845147,32569,11.206424,0.057374,0.207536
2006,F,1901209,20064,10.843722,0.087324,0.252541
2006,M,2055273,14047,9.781660,0.101496,0.347647
2006,both,3956482,34111,11.290919,0.053343,0.199070
2007,F,1922617,20584,10.912255,0.087595,0.246251
2007,M,2075414,14394,9.845751,0.098341,0.340614
2007,both,3998031,34978,11.357569,0.051373,0.195740
2008,F,1890938,20482,10.963231,0.085214,0.238199
2008,M,2040150,14625,9.918021,0.094532,0.330893
2008,both,3931088,35107,11.419750,0.049541,0.189818
2009,F,1837114,20199,10.986181,0.086487,0.236448
2009,M,1983573,14540,9.975788,0.091954,0.323655
2009,both,3820687,34739,11.460559,0.049501,0.187495
2010,F,1777595,19841,10.988665,0.088654,0.237024
2010,M,1918676,14270,9.998532,0.089653,0.320972
2010,both,3696271,34111,11.473651,0.050485,0.187224
2011,F,1759066,19590,10.983052,0.088667,0.236697
2011,M,1899252,14360,10.016389,0.090176,0.314734
2011,both,3658318,33950,11.480140,0.050836,0.184615
2012,F,1761053,19534,10.994461,0.087967,0.234779
2012,M,1896946,14250,10.047859,0.089340,0.309081
2012,both,3657999,33784,11.502581,0.051042,0.181404
2013,F,1754746,19279,10.964713,0.086886,0.233984
2013,M,1891581,14070,10.053437,0.087176,0.303375
2013,both,3646327,33349,11.490960,0.050373,0.178243
2014,F,1786355,19232,10.955099,0.084581,0.231821
2014,M,1920871,14081,10.082102,0.085357,0.298884
2014,both,3707226,33313,11.501812,0.048869,0.174823
2015,F,1785098,19130,10.957341,0.084394,0.232694
2015,M,1916743,14059,10.111513,0.083218,0.294474
2015,both,3701841,33189,11.518475,0.047672,0.173046
2016,F,1772022,18885,10.967068,0.083272,0.230704
2016,M,1897738,14207,10.156342,0.081523,0.287985
2016,both,3669760,33092,11.546972,0.046283,0.169810
2017,F,1726461,18448,10.971989,0.083773,0.230269
2017,M,1850956,14262,10.196498,0.080095,0.282957
2017,both,3577417,32710,11.569876,0.046326,0.167129
2018,F,1701074,18152,10.978476,0.082166,0.227883
2018,M,1816158,14118,10.239694,0.079486,0.275464
2018,both,3517232,32270,11.596226,0.045695,0.163069
2019,F,1678366,18024,10.996594,0.081753,0.225499
2019,M,1794216,14133,10.284900,0.079369,0.270423
2019,both,3472582,32157,11.628072,0.045629,0.160263
2020,F,1616549,17527,11.013433,0.078861,0.222243
2020,M,1726076,14060,10.334162,0.078572,0.262503
2020,both,3342625,31587,11.661894,0.045313,0.155277
2021,F,1640861,17676,11.033756,0.076601,0.219501
2021,M,1749482,14096,10.367239,0.077734,0.258723
2021,both,3390343,31772,11.689080,0.044882,0.151810
2022,F,1640131,17760,11.069307,0.073887,0.215611
2022,M,1746008,14333,10.419909,0.076783,0.253690
2022,both,3386139,32093,11.733750,0.043606,0.148300
2023,F,1604582,17615,11.096229,0.071612,0.211266
2023,M,1710576,14215,10.448986,0.077763,0.250488
2023,both,3315158,31830,11.761523,0.043435,0.145963
2024,F,1620190,17726,11.082819,0.070808,0.211342
2024,M,1722888,14294,10.446540,0.079840,0.250958
2024,both,3343078,32020,11.754225,0.044295,0.145998
2025,F,1607267,17297,11.048800,0.069850,0.213514
2025,M,1708076,13930,10.432671,0.079830,0.250461
2025,both,3315343,31227,11.730701,0.044173,0.146244
