name,sex,year,count,baseline,ratio,births_lost,score
Brittany,F,2001,2929,7942,0.369,5013,5013.0
Brittany,F,2002,1937,5185,0.374,3248,3248.0
Jase,M,2016,1596,3754,0.425,2158,2158.0
Katina,F,1975,506,2473,0.205,1967,1967.0
Sheena,F,1987,1154,3062,0.377,1908,1908.0
Alexa,F,2020,1285,3068,0.419,1783,1783.0
Katina,F,1974,766,2473,0.31,1707,1707.0
Woodrow,M,1920,774,2428,0.319,1654,1654.0
Kim,M,1958,1322,2960,0.447,1638,1638.0
Hillary,F,1994,409,1791,0.228,1382,1382.0
Brittney,F,2002,972,2316,0.42,1344,1344.0
Alexa,F,2021,708,2002,0.354,1294,1294.0
Jase,M,2017,1046,2297,0.455,1251,1251.0
Pat,F,1949,667,1824,0.366,1157,1157.0
Woodrow,M,1921,684,1808,0.378,1124,1124.0
Damon,M,1980,897,1981,0.453,1084,1084.0
Catina,F,1975,174,1236,0.141,1062,1062.0
Kaitlyn,F,2016,999,2060,0.485,1061,1061.0
Katelyn,F,2016,871,1924,0.453,1053,1053.0
Shaquille,M,1996,250,1270,0.197,1020,1020.0
Pam,F,1966,852,1870,0.456,1018,1018.0
Hilary,F,1994,145,1149,0.126,1004,1004.0
Bob,M,1950,976,1960,0.498,984,984.0
Arielle,F,1993,620,1569,0.395,949,949.0
Marquita,F,1986,440,1374,0.32,934,934.0
Catina,F,1974,328,1236,0.265,908,908.0
Bailey,M,2002,851,1755,0.485,904,904.0
Kristine,F,1954,866,1755,0.493,889,889.0
Clinton,M,1994,586,1467,0.399,881,881.0
Shanice,F,1995,481,1345,0.358,864,864.0
Kizzy,F,1979,269,1117,0.241,848,848.0
Marquita,F,1985,535,1374,0.389,839,839.0
Hilary,F,1993,344,1170,0.294,826,826.0
Pat,F,1950,440,1249,0.352,809,809.0
Shaquille,M,1995,494,1270,0.389,776,776.0
Bret,M,1961,741,1514,0.489,773,773.0
Kobe,M,2005,444,1213,0.366,769,769.0
Kobe,M,2004,625,1392,0.449,767,767.0
Damon,M,1981,684,1445,0.473,761,761.0
Hillary,F,1995,310,1064,0.291,754,754.0
Bob,M,1966,684,1432,0.478,748,748.0
Doug,M,1966,684,1409,0.485,725,725.0
Alexa,F,2022,577,1285,0.449,708,708.0
Sheree,F,1958,561,1269,0.442,708,708.0
Tevin,M,1996,519,1201,0.432,682,682.0
Aaden,M,2011,276,958,0.288,682,682.0
Katrina,F,2007,505,1174,0.43,669,669.0
Kizzy,F,1978,456,1117,0.408,661,661.0
Farrah,F,1979,200,836,0.239,636,636.0
Pam,F,1967,600,1218,0.493,618,618.0
Nakia,F,1977,364,972,0.374,608,608.0
Miley,F,2014,356,930,0.383,574,574.0
Ashanti,F,2005,398,962,0.414,564,564.0
Miley,F,2015,263,803,0.328,540,540.0
Tim,M,1973,523,1049,0.499,526,526.0
Forrest,M,1996,431,948,0.455,517,517.0
Zina,F,1966,164,679,0.242,515,515.0
Aaden,M,2010,450,958,0.47,508,508.0
Farrah,F,1978,332,836,0.397,504,504.0
Nakia,M,1976,110,613,0.179,503,503.0
Forrest,M,1997,370,858,0.431,488,488.0
Grover,M,1887,290,768,0.378,478,478.0
Shanice,F,1996,319,782,0.408,463,463.0
Nakia,M,1977,69,514,0.134,445,445.0
Rihanna,F,2011,381,825,0.462,444,444.0
Caitlyn,F,2016,249,692,0.36,443,443.0
Katrina,F,2008,420,855,0.491,435,435.0
Latoya,F,1993,377,810,0.465,433,433.0
Krystle,F,1991,372,801,0.464,429,429.0
Ron,M,1950,349,770,0.453,421,421.0
Dick,M,1949,340,755,0.45,415,415.0
Caitlin,F,2016,218,628,0.347,410,410.0
Jadyn,F,2011,294,692,0.425,398,398.0
Shaquille,M,1997,96,494,0.194,398,398.0
Allisson,F,2011,103,487,0.211,384,384.0
Anissa,F,1973,221,603,0.367,382,382.0
Jaheim,M,2005,172,552,0.312,380,380.0
Deion,M,1998,186,558,0.333,372,372.0
Jarod,M,2003,234,599,0.391,365,365.0
Dewey,M,1901,137,499,0.275,362,362.0
Latoya,F,1994,220,580,0.379,360,360.0
Judi,F,1949,242,601,0.403,359,359.0
Sharyn,F,1950,243,601,0.404,358,358.0
Isis,F,2015,117,467,0.251,350,350.0
Isis,F,2016,53,401,0.132,348,348.0
Levar,M,1979,175,523,0.335,348,348.0
Shaniqua,F,1994,259,604,0.429,345,345.0
Vonda,F,1967,321,664,0.483,343,343.0
Pam,F,1950,229,572,0.4,343,343.0
Pat,F,1951,325,667,0.487,342,342.0
Sharyn,F,1949,340,680,0.5,340,340.0
Dayanara,F,2010,215,553,0.389,338,338.0
Kizzy,F,1980,119,456,0.261,337,337.0
Vonda,F,1968,330,664,0.497,334,334.0
Arline,F,1939,227,559,0.406,332,332.0
Unknown,F,1958,209,540,0.387,331,331.0
Jaleesa,F,1991,252,579,0.435,327,327.0
Sheree,F,1960,240,561,0.428,321,321.0
Omarion,M,2007,260,581,0.448,321,321.0
Anissa,F,1974,139,459,0.303,320,320.0
Caitlin,F,2017,161,477,0.338,316,316.0
Jailene,F,2001,147,460,0.32,313,313.0
Tennille,F,1979,113,425,0.266,312,312.0
Moesha,F,1998,122,426,0.286,304,304.0
Jaheim,M,2004,253,554,0.457,301,301.0
Geraldine,F,1972,218,517,0.422,299,299.0
Jaden,F,2011,262,560,0.468,298,298.0
Jacalyn,F,1956,140,437,0.32,297,297.0
Jordin,F,2010,205,500,0.41,295,295.0
Katelynn,F,2016,249,542,0.459,293,293.0
Chyna,F,2002,212,500,0.424,288,288.0
Tennille,F,1978,141,425,0.332,284,284.0
Dick,M,1950,269,552,0.487,283,283.0
Kirstie,F,1993,257,537,0.479,280,280.0
Stacey,M,1977,199,472,0.422,273,273.0
Bethzy,F,2007,28,301,0.093,273,273.0
Anitra,F,1978,188,458,0.41,270,270.0
Amare,M,2014,264,534,0.494,270,270.0
Cecily,F,1992,134,403,0.333,269,269.0
Levar,M,1978,254,523,0.486,269,269.0
Krystle,F,1992,261,529,0.493,268,268.0
Allisson,F,2012,77,344,0.224,267,267.0
Deneen,F,1967,157,421,0.373,264,264.0
Kylie,F,1981,229,491,0.466,262,262.0
Caitlyn,F,2017,232,494,0.47,262,262.0
Shanae,F,1994,77,336,0.229,259,259.0
Ashlee,F,2011,224,482,0.465,258,258.0
Jailene,F,2000,203,460,0.441,257,257.0
Katelynn,F,2017,188,441,0.426,253,253.0
Isamar,F,1992,194,447,0.434,253,253.0
Kadijah,F,1996,61,313,0.195,252,252.0
Juwan,M,1999,180,431,0.418,251,251.0
Zina,F,1967,113,363,0.311,250,250.0
Juwan,M,2000,145,395,0.367,250,250.0
Alexa,F,2025,243,492,0.494,249,249.0
Shaniqua,F,1995,184,433,0.425,249,249.0
Quentin,M,1921,233,480,0.485,247,247.0
Tyra,F,2008,186,430,0.433,244,244.0
Chrissy,F,1981,212,454,0.467,242,242.0
Khadijah,F,1997,198,438,0.452,240,240.0
Jaslene,F,2011,195,432,0.451,237,237.0
Amarion,M,2006,167,404,0.413,237,237.0
Chyna,F,2003,160,395,0.405,235,235.0
Jarod,M,2004,168,399,0.421,231,231.0
Anitra,F,1979,162,392,0.413,230,230.0
Rhianna,F,2010,163,393,0.415,230,230.0
Kirstie,F,1994,192,421,0.456,229,229.0
Jacalyn,F,1957,113,341,0.331,228,228.0
Marely,F,2011,101,327,0.309,226,226.0
Aaden,M,2012,225,450,0.5,225,225.0
Bently,M,2014,155,376,0.412,221,221.0
Shanae,F,1993,115,336,0.342,221,221.0
Hilary,F,1995,125,344,0.363,219,219.0
Mylie,F,2010,109,327,0.333,218,218.0
Santana,F,1988,166,383,0.433,217,217.0
Kiley,F,2016,216,433,0.499,217,217.0
Keshia,F,1992,169,385,0.439,216,216.0
Marely,F,2010,175,391,0.448,216,216.0
Moesha,F,1997,211,426,0.495,215,215.0
Cecily,F,1991,189,403,0.469,214,214.0
Latoya,F,1995,165,377,0.438,212,212.0
Brook,F,1983,157,368,0.427,211,211.0
Dewey,M,1902,136,345,0.394,209,209.0
Laci,F,2009,186,394,0.472,208,208.0
Dayanara,F,2011,142,349,0.407,207,207.0
Infant,F,1991,186,392,0.474,206,206.0
Lyndon,M,1967,101,306,0.33,205,205.0
Chrissy,F,1982,130,335,0.388,205,205.0
Yamilex,F,1997,96,301,0.319,205,205.0
Unknown,M,1959,188,391,0.481,203,203.0
Jaden,F,2012,163,365,0.447,202,202.0
Denzel,M,1999,182,382,0.476,200,200.0
Toccara,F,1983,158,358,0.441,200,200.0
Colin,M,1945,125,320,0.391,195,195.0
Kadijah,F,1995,119,313,0.38,194,194.0
Judi,F,1950,175,367,0.477,192,192.0
Huey,M,1938,165,353,0.467,188,188.0
Mylie,F,2009,139,327,0.425,188,188.0
Sheena,F,1994,181,365,0.496,184,184.0
Lisbeth,F,2005,163,344,0.474,181,181.0
Unknown,F,1959,145,323,0.449,178,178.0
Dirk,M,1972,164,342,0.48,178,178.0
Claudine,F,1973,158,335,0.472,177,177.0
Quentin,M,1922,161,337,0.478,176,176.0
Qiana,F,1981,158,332,0.476,174,174.0
Mitch,M,1965,131,304,0.431,173,173.0
Catina,F,1976,158,328,0.482,170,170.0
Koby,M,2005,162,330,0.491,168,168.0
Zhuri,F,2025,142,310,0.458,168,168.0
Nichelle,F,1971,164,331,0.495,167,167.0
Bambi,F,1982,160,322,0.497,162,162.0
Brittani,F,2000,151,303,0.498,152,152.0
Trevon,M,2013,150,300,0.5,150,150.0
